gw_mac_address,mobile_phones_count,computer_count,tablet_count,other_count,smarthome_count,wearables_count,gaming_count,tv_&_audio_count,printer_&_scanners_count,network_count,home_network_type,traffic_tx_bucket,traffic_rx_bucket,pod_count,speed_tier_bucket,interference_24G_bucket,interference_5G_bucket,dls_score_bucket,WEM_bucket,RSSI_bucket_24G,RSSI_bucket_5G,has_pod
6814dc5ffad99df95936d4269a7942c5ef5564eb7cece192a7a268002f12c201,3,1,1,12,0,0,0,0,1,0,Gateway_Only,4,3,0,4,1,1,5,2,1,1,0
328ec27e9ed349e2c69b18af8c08b2e44b76cfa3305ea9d397d418c83cf608b0,3,0,0,10,1,0,0,0,0,0,Gateway_Only,4,2,0,2,1,2,5,4,1,1,0
32abb494e7bd79e8281f5902c92c494032ad60471abcbc7c0018f6807b1f980d,0,1,2,4,0,0,0,1,0,0,Gateway_Only,5,3,0,3,1,1,5,3,1,1,0
ea112e297bb3560c40fe4272d1bb712a1685a41231223fd0bb6e2e9dda724e1e,3,1,0,3,0,0,0,1,1,0,Gateway_Only,1,1,0,1,1,1,0,3,2,1,0
70221abd9fe5537bebd96925bcdd4e6a445f6f674b58bc049e22d14ff18ce2d0,2,2,1,11,0,0,0,1,0,0,Gateway_Only,3,4,0,2,1,1,5,3,1,1,0
120f313c52a25053531bd9bf647bb444f40fd997870c6cd21d5290f9bdb18214,1,0,1,3,1,0,0,0,0,0,Gateway_Only,5,5,1,1,1,2,0,3,1,1,1
786562354b9e10c367a11bbd1c8802d41f01c682ea02472ceab496336d7f6525,1,4,0,5,1,0,1,0,0,0,Gateway_Only,3,2,0,3,1,1,5,3,2,1,0
342ccbedb98e35ae6050aba70bfddedeb13cdcef0152c369563719c6d1a1e693,2,2,2,2,0,0,0,1,1,0,Gateway_Only,2,2,0,1,1,1,0,3,1,1,0
565e6910fb851c76996d6dcc467dc27041fd5e5aa2a8b49ac207ea38fd20fcab,4,1,0,6,0,1,0,0,0,0,Gateway_Only,4,2,1,1,1,1,0,3,2,1,1
ff4f04b91b283f91cb664eab05d6571481941dbcb15019fe64e97fc23e168b69,2,2,0,10,0,0,0,1,0,0,Gateway_Only,4,5,0,1,1,1,0,3,2,1,0
ec05a02052e251f5c5eea356a637f861d4679c98ee252d883508d29f167573b7,0,0,0,4,0,0,0,0,0,0,Gateway_Only,5,4,0,2,1,1,5,2,1,1,0
2f69ea2d4c04ad3fcb0b640a0413f4506abd14510464b17bb6732d317f0765f9,0,0,0,1,0,0,0,0,1,0,Gateway_Only,1,1,0,2,1,0,5,5,2,0,0
729c80daa85e0948f2acd409e3907310dcba019e250333c52c0263d6b781c2c9,4,4,3,13,4,1,0,0,0,0,Gateway_Only,3,3,0,1,1,1,0,2,1,1,0
4680bdfceb317c2910e02dbdf98c4c9236172bee62fc7b7a5e294e6f8a4e4c83,2,1,0,2,0,0,0,0,0,0,Pod_Home,1,1,1,3,1,1,5,3,4,1,1
4538ee4c50b8424486d03117a89e5dd8d14eefaf7b42567b188e7184f99270db,7,0,0,8,1,0,1,3,2,0,Gateway_Only,3,3,0,4,1,1,5,3,1,1,0
e8dabeed2bf8a924b33440f1e9c84f1a6a49776428d219f1a0169c63ae1504b3,1,1,0,2,0,0,0,0,0,0,Gateway_Only,2,1,0,1,1,1,0,4,3,1,0
29c8381d9c96cc6e54aa9b2bcd6ecb2c4975c6c298f418eff93ebc4591ed1fbe,3,1,2,6,3,0,0,0,0,0,Gateway_Only,2,1,0,1,1,1,0,2,2,1,0
ec08444dc11490864133119c246a6ac5b94edce71389b81a7cbdb46cd1dcbf18,2,2,0,7,1,0,0,0,0,0,Gateway_Only,3,1,0,3,1,1,5,4,1,1,0
21e190d5a96c98a8a9777f2500a1b42e9b1248246aaf416c751138da1a9cb330,2,2,0,10,1,0,0,0,0,0,Gateway_Only,3,2,0,5,1,1,5,2,1,1,0
aa37c8aa470bf1fad2778f7a5e59a38c9fb54cf9075d29c0613e71bd8015942a,1,0,1,6,0,0,0,1,1,0,Gateway_Only,1,1,0,2,1,1,5,2,1,1,0
21ce16f2c1be6cbbc0e8979462cab031dd2db6bea229ae3329547a6ec931cd69,0,1,0,4,0,0,0,1,0,0,Gateway_Only,1,1,0,3,1,1,5,4,3,1,0
e267f6f10b5b12f5651ae291254d6f2418a9c44bcc48c1dd0a035b62da7c6aaa,3,0,0,3,0,0,0,0,0,0,Gateway_Only,2,2,0,2,3,2,5,2,1,1,0
3b7a958b841253a607b71a7c5a513a8c9833617c8c2c9f756e0ac0f9e581c8d6,1,2,1,1,0,0,0,0,0,0,Gateway_Only,3,5,0,1,2,1,0,3,3,1,0
fd30db8206137aee9d581e931ca66a42c95432b0f084352e1de911a05a3e61fe,2,1,0,2,0,0,0,0,0,0,Gateway_Only,2,1,0,3,1,1,5,3,4,1,0
e7dbdc8b8f70bd014b827b8f55cab0d9ac331af027ead8f881977af738b3301f,2,0,2,6,1,0,0,0,1,0,Gateway_Only,2,2,0,2,1,1,5,3,2,1,0
de95ddd25ce00b5033103d7a0e08665ab9cee0259d7be332a12fc908bee74450,3,1,0,6,0,0,0,1,0,0,Gateway_Only,5,4,0,5,1,2,5,2,1,1,0
4af9c86e5e85f1653b0d279e262f790c7c8045ba711a59f7306c8785f5fa576c,1,0,0,10,0,0,0,0,0,0,Gateway_Only,1,2,0,1,1,1,0,3,1,1,0
88245a8c160a438c4978452dd6f5c072da35b8bf6d7f04c495a370cc8679667f,1,3,2,1,0,0,0,0,0,0,Gateway_Only,5,5,0,3,1,1,5,2,1,1,0
2d49a480ae02d00f381d6e54ebea0e998b587a3a041e3e214a92daeed18f2ec4,3,2,0,1,0,0,0,0,0,0,Gateway_Only,5,5,0,1,4,5,0,3,2,1,0
fc37f73aeb3efc0b0f015275038a7040e09a575c2660239389c9f92e75541177,2,0,0,4,2,0,0,0,0,0,Gateway_Only,5,3,0,1,1,5,0,2,1,1,0
ff2415c328e420ef2d9ea167270b9096a3be812edd69772d2a5a86e4558381cd,3,0,0,4,0,0,0,0,0,0,Gateway_Only,4,3,0,1,1,1,0,4,1,1,0
b6f2356a8758bb2f4eadf25ae63fadb6b863f6771e2b12e1d6eebd90ea062279,2,0,0,3,0,0,0,0,0,0,Gateway_Only,4,4,0,1,1,1,0,4,3,1,0
f7ef7c4d0c8100293ca1ce4275d81435eab535bb5dc5f6d48b301d8a1353aa29,1,3,0,2,0,0,0,4,0,0,Gateway_Only,1,1,0,1,1,1,0,4,1,1,0
892db15115ffbe34e250f6af8418630c97f68e49d2a5e6c707b6de200e8ebba3,2,0,3,3,3,1,0,1,0,0,Gateway_Only,1,1,1,1,1,1,0,5,3,1,1
5e83e8afcc34b0969fe68ffad9cbd5ea528b215c1b7306977341d2ddc0b95659,3,2,0,8,1,0,1,0,0,0,Gateway_Only,2,2,0,1,1,4,0,3,2,1,0
603457c0fb171f10f51b03dc216d4ce83dd6af04fcb9e868007293b599fba085,0,0,0,1,0,0,0,0,0,0,Gateway_Only,1,1,0,2,5,1,5,3,5,1,0
d18590f847a37b2e9f53d18cece19cb1a6b53368e15f282dc7cf8e4f5da57c05,1,3,0,4,1,0,0,0,1,0,Gateway_Only,5,4,0,1,1,1,0,3,1,1,0
ac3d1d74a84b17a0639b081a6d02b3b4ff97848c0000e607006792d5ebb1ea25,1,1,0,0,0,0,0,0,0,0,Gateway_Only,4,2,0,1,1,1,0,4,1,1,0
df47821e994b786128a1f45d9c4474fa29b9265fac07df77c6aaf2bee25238ad,5,1,0,4,0,0,1,1,0,0,Gateway_Only,3,3,0,1,1,1,0,3,2,1,0
fa479c546e267bf0fe4d71d202ecf9ceea6551645c6079e443b74cf3ec0764ad,1,0,0,1,1,0,0,0,0,0,Gateway_Only,3,2,0,2,1,1,5,2,1,1,0
1427e0fac07d7953a99f385aa94b0f1b7656f80f0ead61ecd4811a710f3ebca0,2,0,0,9,0,0,0,0,1,0,Gateway_Only,4,2,0,1,1,1,0,3,1,1,0
665ca6c0fc39a2f8301ae8a828dc60eef2cd3b0d414889b8c85b239ba28ff2ce,1,0,0,10,2,0,0,0,0,0,Gateway_Only,3,3,0,1,1,1,0,4,1,1,0
18ffdddc434aeb298274f35454e3551209d4c147fef8963d2c2b03f3f3f62cd6,7,6,0,4,1,0,0,2,0,0,Gateway_Only,5,4,0,5,1,1,5,2,1,1,0
76ee73c03cd10d8ba877bb627eab66422df519a113d092c88a13e1c8c8e0378c,1,1,0,5,1,0,0,1,0,0,Gateway_Only,3,3,0,1,1,1,0,3,1,1,0
9d8c59f39165c9873155b3931708e05087d432685414cef12fa621cfe571ff36,1,1,1,4,1,0,0,2,0,0,Gateway_Only,5,5,0,2,1,1,5,3,1,1,0
c046f679f8c4e729cc333e2eda725fd323ac6b4a7ef65dfd70cbee1266e62536,3,1,0,7,1,0,0,0,0,0,Gateway_Only,3,4,0,1,1,1,0,2,1,1,0
bdc2b50e2efcd797569eb089e337f390d7bbd9bb0b2b9733695e4d2dbcd092a0,3,2,0,1,0,0,0,0,0,0,Gateway_Only,4,2,0,2,1,1,5,2,2,1,0
be45eb3a711a1fe4dc0ee26af407731300d561bbd5eaa03499cbb045e30bb4af,0,0,0,6,0,0,0,1,0,0,Gateway_Only,3,4,0,1,1,1,0,3,2,1,0
98b0f2aa4253cd49616a435bd969ef9dd186dcab65ce6fe7e7160984d8d12cee,0,1,2,6,0,0,0,0,1,0,Gateway_Only,2,1,0,4,1,1,5,3,1,1,0
10c401970dc561e5ec3be59b6d08013c3613795902fd960a83e79e58d3233930,2,1,0,4,2,0,0,0,0,0,Gateway_Only,5,4,0,1,1,1,0,3,2,1,0
3c3b1e9b277ddbf3dfb699a53e568c10f440f81a8f7157f793b07ba72e11ee2f,2,0,1,4,0,0,0,0,1,0,Gateway_Only,3,3,0,1,1,1,0,4,2,1,0
5f16b91e1a9992c3d6640c0da46330f228fdad05f7374721b9e9fe101d65b7ec,3,0,4,13,4,0,3,0,0,0,Gateway_Only,2,2,1,5,1,1,5,2,1,1,1
fbc36ab90b01303d7af0a119ac1e996c20bc0a6ff6895b9924980aaa9758ef11,8,2,1,8,3,0,0,3,1,0,Gateway_Only,3,2,0,1,1,1,0,3,2,1,0
4437a5ad473052b6cf3bfbc6f01ae07f33bff3fc43e5280c29d87e84db80c187,0,1,0,1,0,0,0,0,0,0,Gateway_Only,1,4,0,2,1,1,5,3,1,1,0
9bac830ec5c048c01a9d702165555ba81a9a74dce487be99ede440854507ca48,2,1,0,3,0,0,0,0,0,0,Gateway_Only,4,4,0,1,1,1,0,2,1,1,0
f2a3f25dee8e8798263ccd4548824c59104c7a1491171a8f542ecfe21a26c9c1,3,1,0,3,3,0,0,0,0,0,Gateway_Only,3,4,0,1,1,1,0,2,1,1,0
b83ac4845f0cc8e30117bc2544460d1fee0048af92aba01bfead5c0d18df32b3,2,4,0,12,0,0,0,0,0,0,Gateway_Only,2,3,0,1,1,1,0,3,1,1,0
8da8d1d8d759cb777896d938133cc78b7a64baf15b15e3797f48c52d53c849e4,2,1,1,3,0,0,0,0,0,0,Gateway_Only,2,3,0,1,0,1,0,1,0,1,0
ee51d5e430fd3c586e76503687811c490c035ac4c9532294469b02e051c16192,3,0,0,8,1,0,0,0,0,0,Gateway_Only,5,5,0,2,1,1,5,3,2,1,0
910116ab9b3d30a666151198c8d9ef3d6d908aeeaa946f8c4bdd5554960bec85,1,0,0,2,3,0,0,0,0,0,Gateway_Only,1,2,0,1,1,1,0,5,2,1,0
0e0970ef8fae46dee1e263782fb88f79f20ed05ad2ab4ece9e05b6c7a4d23e59,3,0,0,8,0,0,1,0,0,0,Gateway_Only,5,5,0,1,1,1,0,2,2,1,0
2d064082f29a7ee45719d357ebe4d5afcdd12f000c0a3152ec3e77393bf4b36c,4,2,0,7,2,0,2,0,1,0,Gateway_Only,3,3,0,3,1,1,5,2,1,1,0
18e208039da31fd12975516b815b6236bf31994ffce21055fff2bf0c9d80e5cc,4,1,0,3,2,0,1,1,0,0,Gateway_Only,5,4,0,1,1,1,0,2,2,1,0
a52148e0425f8f19668777427387ac0bc32010445cfba137059418d59dfa3dc9,3,1,0,7,0,0,0,1,0,0,Pod_Home,3,3,1,1,1,1,0,4,2,1,1
e01a483cddb86dd9997fb6f01773685a20d6f36fda69da38da16a13bf0049ed0,1,2,0,4,1,0,0,0,0,0,Gateway_Only,4,5,0,3,1,1,5,2,1,1,0
b0b0bb83cb468f0254c7e452edc0c109ba2857d4076e0bb67826a6a2e9f26f0f,3,4,0,9,5,0,0,0,1,0,Gateway_Only,2,2,0,1,1,1,0,3,2,1,0
101288fe7e58cd4d147a551ca3d8cfee7c89a60613d7009f3a70d8cc76a38409,3,0,0,4,2,0,0,0,0,0,Gateway_Only,3,2,0,3,1,1,5,4,2,1,0
9b7b388e60ca451334531cdc58b0a05a2877651838218d013e5e063f509c5828,2,0,0,1,2,0,0,0,0,0,Gateway_Only,2,1,0,3,1,1,5,3,3,1,0
539e3348fa8380022ba7ba48e3cf4f1c9fd7f3e6d2e12e73948d230197d2144a,0,1,0,1,0,0,0,0,0,0,Gateway_Only,4,3,0,1,1,0,0,3,1,0,0
eccbfa2e234af5751017ebd4249cf477f5a80ccee86d596935cb866aa3b1dc40,0,1,0,3,1,0,0,0,0,0,Gateway_Only,1,1,0,1,1,1,0,3,2,1,0
4f37a3d9b7ed40ebdfc36fd26d2f405914c895d30b00e0331a327c37f0b28116,1,0,0,3,0,0,0,0,0,0,Gateway_Only,2,2,0,2,1,1,5,2,1,1,0
8016168c9b07f477a31e8eff284f3f522712f15322d996b5c13fb35931c66044,1,1,0,2,0,0,0,0,0,0,Gateway_Only,3,5,0,2,1,1,5,2,3,1,0
82064a145cfd01da115fb9c7a8b23bdb972cf92b7689dece825a6eec75f72ce9,1,0,0,8,1,0,2,0,0,0,Gateway_Only,3,2,0,1,1,1,0,3,1,1,0
13e4d1940c35fe13b70353234ab25424baa598d1e1a1cea5dbaa8fc67287ebbe,3,0,0,13,0,0,0,0,0,0,Gateway_Only,4,5,0,2,1,1,5,3,1,1,0
35b54e330cf75a7e7ae79bcbc1d86f17e697f92edab21e4005d63ba361a4e161,4,1,0,1,0,0,0,0,0,0,Gateway_Only,5,4,0,1,1,1,0,2,2,1,0
8fc11b2342ada320bd808677a62a685c55974b8b7a64911a50e76ab23614d062,3,2,0,6,1,0,1,0,0,0,Gateway_Only,4,3,0,2,1,1,5,3,2,1,0
89456bb97927ff957ac87a7d6d693425e02f65538270d03287c9297b4df99693,1,1,0,4,1,0,0,0,0,0,Gateway_Only,5,4,0,4,1,1,5,3,1,1,0
41adc148cfe2685c4831e3edcc41bb7d3ec8d5fb03530c1c904bbeaa3c437147,2,1,0,8,0,0,1,0,0,0,Gateway_Only,5,5,0,1,1,1,0,3,1,1,0
1e7efca1524e5e333f4bc29eda7558c4f44f6af7e30cbc15eeef6e16a246a08b,3,0,0,2,1,0,0,0,0,0,Gateway_Only,1,4,0,3,1,1,5,2,3,1,0
444ee8c41ef4bf55cabe1471c4fd46277b3b0653763dfa616e7f1345ca27e762,2,0,0,4,0,0,0,0,0,0,Gateway_Only,1,1,0,2,1,1,5,4,3,1,0
5d93e5aa16502d1812213b9e874d1ee2f4054b7b5c2e1195f15478f213d46369,1,0,1,3,0,0,3,0,0,0,Gateway_Only,5,3,1,1,1,1,0,2,1,1,1
f604a379603dc4680acb018babcea4f4a67d160b84713af5fe91946b0196cffb,3,1,2,2,0,0,0,0,1,0,Gateway_Only,2,1,0,1,1,1,0,3,2,1,0
5eac3a33c3c9c4fc7bb029e8377b34ee19625acdf28f29842943520c03ed4483,2,0,0,1,0,0,0,1,0,0,Gateway_Only,3,3,0,1,1,1,0,4,1,1,0
fd60eb5bff25104ea8262f00830c4d84569db77c92124ae4d5db3290813688f7,0,0,0,9,1,0,0,0,0,0,Gateway_Only,4,4,0,2,1,1,5,4,1,1,0
ecc3576e20b400df8744a6c38df677165920c2ac75b9873cc8298785e18499b4,2,0,0,4,0,0,0,0,0,0,Gateway_Only,5,5,0,1,1,1,0,3,1,1,0
99b894812bd6a1bec51f91906e5f76c1be7633878befbb832cf106e7ef9b53b1,3,0,0,6,5,0,1,0,0,0,Gateway_Only,4,2,0,1,1,1,0,3,2,1,0
8cbb5746a30b55a69e12e19a14274cde01783d8a00ff2d5fddcb88295a5b8529,0,0,0,2,0,0,0,0,0,0,Gateway_Only,5,5,0,3,1,1,5,2,1,1,0
da85374316ebbce7c7df512746e44d07c8cf9f7c9e643b49b183fcf30373d069,0,0,0,2,0,0,0,0,0,0,Gateway_Only,1,1,0,1,1,1,0,5,1,1,0
67f68c130b2066be1b28c3d5ace5ec17431452b988aa9da7b86d0350413e23d0,2,0,1,2,0,0,0,0,0,0,Gateway_Only,1,1,0,2,1,1,5,4,2,1,0
d89b83746df292cd853457874bdbcea4e999b7a18a25442f585198d161f64441,1,1,0,5,0,0,0,0,0,0,Gateway_Only,1,1,0,2,1,0,5,5,1,0,0
da1a04bc6b9bdeaa977835a8395cee8d5263a02c7589aced4b770c290694a84c,0,0,0,5,1,0,0,0,0,0,Gateway_Only,2,2,0,1,1,1,0,2,2,1,0
e35f9b00737baab58cfe5f330146e5b334477335c72396d4df4aa6619a7b6d9f,3,0,0,6,2,0,0,0,0,0,Gateway_Only,2,2,0,1,1,1,0,3,1,1,0
e86d2dff907943ffa4a0bfdd543b0207d5421dacf3bdb90210d7f571595b044b,2,1,1,5,0,0,0,0,0,0,Gateway_Only,3,4,0,2,1,1,5,3,1,1,0
2a7d4defcea4d56a6741a2ade2567ad4fde7d4ab02220280f0c2783184835e99,2,1,2,4,0,0,0,0,0,0,Gateway_Only,4,5,0,1,1,1,0,4,3,1,0
a9bd81549bc17973d74dcd84c95b0028f8876d00379fa3f26dd6c175e6269b89,1,1,0,3,0,0,0,0,1,0,Gateway_Only,3,5,0,1,1,1,0,3,1,1,0
417a66c5875bc3ff30d23bc647f1e749d0bb7709b6b7d3c903441b0b0f2a599e,0,2,0,5,0,0,0,0,2,0,Gateway_Only,1,1,0,5,1,5,5,4,1,1,0
473507f39695c2d92f8b9981ac7b8b3ddbff961b8699d7f091f3346e9d918956,1,0,0,5,0,0,0,2,0,0,Gateway_Only,5,4,0,2,1,1,5,2,1,1,0
457d135e38117bb861521c8c5d87bb1e6c8932bb7de89b261102f4914aace463,0,2,0,6,0,0,0,2,0,0,Gateway_Only,1,2,0,2,1,1,5,4,1,1,0
a00aef2961d9cbd89f8e2b228567c2145849919ba57467ae7b07a0818b03de4e,1,0,1,9,3,1,0,0,1,0,Gateway_Only,2,3,0,3,1,1,5,3,1,1,0
56f031b2f1be8ae0eb0ec4a76ac3d44396bb099ebf7af22888f439b182f9a38d,1,0,1,5,1,0,0,0,0,0,Gateway_Only,5,4,0,1,1,1,0,3,1,1,0
43c1f5cb868603c4fdf86d9b1b6d8047eabd19fbe3312fa2850d9d3523087789,5,5,2,21,3,3,1,1,1,0,Gateway_Only,3,3,0,5,1,1,5,3,1,1,0
327a42e05f12b299c4de236a3d73919519a560e67f7712501c3bd20490bb43d3,1,1,1,0,0,0,0,1,0,0,Gateway_Only,4,3,0,2,1,1,5,2,1,1,0
a00693ec3d23c0203a471c0e91f1850f288926dfb869bbb6d10b6f09eb9d3fab,3,0,0,2,0,0,3,1,0,0,Gateway_Only,5,4,0,1,1,1,0,3,1,1,0
047733527d78449eee86b61cb822534447836759bd3b16b818739ee8bbc5ec74,0,0,0,5,1,0,0,0,0,0,Gateway_Only,3,5,0,2,1,1,5,3,1,1,0
f66b3322cbd688f66b441f1dfe9fbfe7d54862e193be6dfc30457bbc53298479,4,0,1,7,2,0,0,0,0,0,Gateway_Only,5,4,0,1,1,1,0,2,1,1,0
ce85ce8eee7caf789fd0259ae7fdf7966074554de8f4e590a0cf52de3c7ba60b,2,0,0,2,3,0,0,1,0,0,Gateway_Only,4,3,0,2,1,1,5,4,1,1,0
a7f1dd6d08b6e04bb71bdbad97dc74746dfd5c036af74911f42446e4bb75375a,3,2,0,7,1,0,0,0,0,0,Gateway_Only,4,4,0,1,1,1,0,3,2,1,0
ee37ca554081e1b079e28516eaf287d2c548e61bd94cec9b5bbfc06aac90bbf5,1,0,1,2,1,1,0,0,0,0,Gateway_Only,4,3,0,1,1,1,0,3,1,1,0
055526edb5b528ba59bf625ee312e2862408b0d8a52c8afcd15ccd14478631b6,1,0,1,6,0,0,0,1,0,0,Gateway_Only,4,4,0,4,1,1,5,2,4,1,0
8f1a8ccbfba55d4bfac192226da8c0fafb8bfb609829ed967a9cb011e4aced71,3,2,1,5,0,0,0,0,0,0,Pod_Home,2,2,1,3,1,1,5,3,2,1,1
d86871999af71302975afeaa4509e304688032bd06f84770b46c49ab64883db4,3,0,1,2,0,0,0,0,0,0,Gateway_Only,1,1,0,3,1,5,5,5,3,1,0
b31d029ea2c066b3a1240e6f64e39ca5a3fc12efcc2651364cd8b40329fc1ea9,0,3,1,4,0,0,0,1,0,0,Gateway_Only,4,4,0,1,1,1,0,2,1,1,0
5fcaa1f6df34b54017062d7aa13813f68ed8ea20cccdb5af769966c4bb0dab93,4,0,1,9,1,0,0,1,0,0,Gateway_Only,3,2,0,3,1,1,5,3,1,1,0
74fd248471730ddcb0bdd1e7c82dd74111b13c56d0a80beb6161fc12f9c09772,3,2,0,1,1,1,0,0,0,0,Gateway_Only,4,3,0,1,1,1,0,3,2,1,0
13e07b8bdbafecd971398e8777112de8d99539df8e31af5ef120bb6911c13cb9,3,0,0,11,2,2,0,0,0,0,Gateway_Only,2,4,0,1,1,1,0,3,2,1,0
eca14747b48d1624c6ff1e56c7f7a06018673c4d3dcb8705eb9e0636c4c14e9f,4,0,1,6,0,0,0,0,0,0,Gateway_Only,3,3,0,1,1,1,0,3,1,1,0
5fd8f3617d5f84844bf5640cadfc8770cc35f5ac77c53859af4467bf9b680dba,3,0,1,4,5,0,0,1,0,0,Gateway_Only,3,2,0,2,1,1,5,3,1,1,0
9482f9d5a9a986c31dc2ad9f252cf2de4c2eb4b0f031cd19b9cde31a7ebeab74,3,2,2,1,0,0,0,0,1,0,Gateway_Only,1,1,0,5,1,1,5,2,1,1,0
1414091a2f614414af97d967b95663f8a317969801233892437bd313bc6db6dd,0,1,0,1,1,0,0,0,0,0,Gateway_Only,2,1,0,2,1,1,5,3,1,1,0
e6b7516c2acf67787b835a7aca2c1280b61e961cf6191102d8de8cba175a9c89,1,0,0,5,0,0,0,0,0,0,Gateway_Only,3,3,0,2,1,1,5,2,1,1,0
70a3a1aa7e118418b0c3fd33bb3a35244504867880bc6f7e7f79634ecf2d1b94,2,1,2,1,0,0,0,0,1,0,Gateway_Only,1,1,0,2,1,1,5,3,2,1,0
9d0d9c2cb7905cca1e92cc6cc794f6d813bff60729169b468b57c4dc3d8d60eb,4,1,0,2,3,0,0,0,0,0,Gateway_Only,1,1,0,3,1,1,5,3,2,1,0
13b503ae63bde03fa3fff24f9c5d4f24b8c49fece6b3a8d20bb720daeb7d74c1,0,1,0,3,0,0,0,0,0,0,Gateway_Only,5,5,0,1,1,2,0,2,1,1,0
b9d9feb284a7d75c6a747fcb2064eb9962f594d884a47d2119d2a9349738cc87,1,0,0,3,1,0,0,0,0,0,Gateway_Only,3,2,0,2,1,1,5,2,2,1,0
0e8081e61edfb547ab23b9c09d290b64e80ad5e92251ae046fc8226c09e95f7e,1,3,0,5,2,0,0,0,0,0,Gateway_Only,5,5,0,3,2,1,5,2,1,1,0
c638576821d994a87342e10af8e546f57b0663fc4f59f257ac1a2ee1ad65d723,1,0,0,0,0,0,0,0,0,0,Gateway_Only,1,2,0,1,1,1,0,5,1,1,0
60cab4d4f40a0b74c99c4ccbd2baa3aba02f8a0b1e775e33d162aadc48382a6e,1,2,1,5,0,0,0,0,0,0,Gateway_Only,5,5,0,1,1,1,0,3,3,1,0
e58ec964723cbbb81fb3e91d4c4b7bb334abd6d22ba2a09e49c4e7d222129bc9,3,2,2,7,0,0,0,0,1,0,Gateway_Only,2,2,0,1,1,1,0,4,2,1,0
039df1b62fee665ae413bd3239613656116cc00ed205d1312e48bbed50810033,1,1,0,5,0,0,0,0,0,0,Gateway_Only,5,3,0,1,1,1,0,3,1,1,0
eda9ca8907ed038c6290b3934ef01f3db8bc1bbb356b850042f266cc3434f8c8,6,1,0,9,0,0,0,0,0,0,Gateway_Only,4,4,0,1,1,1,0,3,1,1,0
b64c6ad776228a1da990224d42a550cfd45cb23dd1d7d71572057f6a93a20812,2,2,1,3,0,0,0,0,0,0,Gateway_Only,4,3,0,1,1,1,0,2,2,1,0
be5b4f9f900b7ac2cce8cd9651ede271cda51e16b458b6b098aba5033c6dc847,9,0,0,9,5,1,0,0,0,0,Gateway_Only,5,2,0,1,1,1,0,3,2,1,0
812e828e44b0c65d8a69996034dec8964e10eb93f07dc9f0551e1fa3f4847cde,7,2,1,3,0,0,0,0,1,0,Gateway_Only,4,5,0,1,1,1,0,3,2,1,0
cfdb6fe9e50a2d3119e67f1d77c9d4fb5574ec9652794f53de9d8ea4af83a76a,1,0,0,2,0,0,0,0,0,0,Gateway_Only,5,5,0,2,1,1,5,2,1,1,0
84f5ad04bd1c2b4cb6f64fe4ca73babb540899b817f41585503dc08815e5f801,4,3,2,6,1,0,0,1,0,0,Gateway_Only,3,4,0,3,1,1,5,3,1,1,0
9ac2e82e4e75c96c3d945644833f5d366087b69359fa2ab6cf3748a5d2ac429c,3,4,0,8,0,0,0,1,0,0,Gateway_Only,5,5,0,1,1,1,0,2,1,1,0
55556a3e954ec0989a4d38463c0993e1c07cf58d571f7ab7d7b8e3b362bc9b28,2,0,0,3,2,0,0,0,0,0,Gateway_Only,5,3,0,2,1,1,5,3,1,1,0
ec9f96a8839a7f687936ec3b372f380fb84ca32a1ae770b154f46b54fdfad992,0,0,1,3,0,0,0,0,0,0,Gateway_Only,1,1,0,4,1,1,5,5,1,1,0
aa84a36505c8c3155c07b249915ef7c978e7e16135ce38146def2fe9d4c1b99e,2,1,0,1,1,0,0,0,0,0,Gateway_Only,3,4,0,1,1,1,0,2,1,1,0
32f9b5036a4341d1437752d103112b9c46cd00ec689b2e15396e1ba5990f3e93,1,2,0,0,0,0,0,0,0,0,Gateway_Only,4,3,0,1,1,1,0,3,1,1,0
7148a9c9ba708b0e7a24bcc9103d13062671f3df0a78fc684a4094552c635617,1,2,1,2,0,0,0,0,0,0,Gateway_Only,1,1,0,2,1,1,5,3,1,1,0
52c5023dd0fae6d18c3fedf097a8c2dd239253dad94712a7fbce47acfaf68789,2,0,0,5,4,0,0,0,0,0,Gateway_Only,5,3,0,1,1,1,0,2,1,1,0
d10f702ea963b0164d00e5f6ed35117988749e9740457fe7e9c9a91427114ab5,0,1,1,9,1,0,0,0,1,0,Gateway_Only,3,3,0,1,1,2,0,3,1,1,0
ca569d927292bc7997c43212564a68685b9032587da9f77c910d2dfec892ba4d,4,2,0,9,1,1,0,0,0,0,Gateway_Only,3,3,0,1,1,1,0,3,1,1,0
9c484065d5a4a3fffce515cb4e1a10ad864fe60beca9189564b4be00068a5c9a,1,1,0,5,1,2,1,0,0,0,Gateway_Only,4,3,0,1,1,1,0,3,2,1,0
26d7a41f0c09c7e6ce8b6f49b673e4b2eaf6d28a71605feccde1ec120dbb8b20,5,2,1,6,3,0,1,0,0,0,Gateway_Only,2,2,0,3,1,1,5,3,1,1,0
493dcc560b45489b8454a3ea573a6f464e7288f82c695706582fcfebdaf7f0f5,2,0,2,7,3,0,0,0,0,0,Pod_Home,3,3,1,5,1,1,5,3,2,1,1
8736328780478c4ec02b1e02688ba0d4ab959884b176ad302a04f02dbd7e3030,0,1,1,7,2,0,0,0,0,0,Gateway_Only,3,1,0,2,1,3,5,3,1,1,0
4db349f2d8e07b7545df3019f0c9235465dfaeddb07c0921aeeca73555b3ad8e,1,1,0,6,0,0,0,1,0,0,Gateway_Only,5,3,0,1,1,1,0,2,1,1,0
a48ed825c8a814e5759fb2765b9639854bc76333d9bdc6ac010748fc8f448f2d,2,2,0,5,0,0,0,0,0,0,Gateway_Only,2,1,0,1,1,1,0,3,3,1,0
cee9627ad3af65366bd5d59bf1927c19dddb4d180d8055524761bf0a476abe7c,0,0,0,1,0,0,0,0,0,0,Gateway_Only,1,1,0,3,0,1,5,1,0,1,0
26ee904be0f435c1410e2bdc32486531cf27cc1c576b29b08453abd72470fbb9,0,1,0,2,0,0,0,0,0,0,Gateway_Only,4,5,0,1,1,1,0,4,1,1,0
c885ef204730ea2b6562cae4bd63257cf2bc45c54179a8d26e54093f6be55b48,3,2,0,5,0,0,0,2,0,0,Gateway_Only,5,5,0,1,1,1,0,2,1,1,0
ddbd537d33fc843ed608d4805a4a96e5905a77daaa1dfc83d70272411bd42767,7,4,0,5,1,0,2,3,1,0,Gateway_Only,5,5,0,1,1,1,0,3,1,1,0
fc93a5ce11f4d96fc9d22f0d5cfda3ca018dee330a64e6d9f1a3480d0b34b624,3,1,1,3,0,0,0,0,0,0,Gateway_Only,2,2,0,2,1,1,5,3,2,1,0
fa347f13ce6017ee7fba2cf6d88df2ba620c54eb9bab3c720f74e36a03f748b1,1,2,0,6,0,0,0,0,0,0,Gateway_Only,5,5,0,2,1,1,5,3,2,1,0
6f4b318453c3cc432d67d414ff9fbeb19a2c9eb7f211bb37ef6ac587900e6024,2,0,0,6,4,0,0,0,0,0,Pod_Home,2,1,1,4,1,1,5,3,1,1,1
84bf5517eb5ffd76797f3df660418576615b7a74545e39186c78a650a68ca55d,7,1,1,9,1,1,0,0,1,0,Gateway_Only,2,5,0,1,1,1,0,3,2,1,0
7587590372c8420de5a34ab3a04833416f39bee8b2090abc1baa4bbc3b8ac568,0,0,0,5,1,0,0,0,0,1,Gateway_Only,3,2,0,1,1,1,0,4,1,1,0
84c8efafec8c3b3b489ef2afea15d6ea248ec344a584bd901940d6dfbc8bfeea,3,0,0,6,1,0,0,0,0,0,Pod_Home,5,1,1,4,1,1,5,2,1,1,1
2045cba63d24cf46da7bef0ed31535a7accd5b66ba2b271dd5ab1a16bcdc4e0e,5,3,0,3,1,0,0,1,0,0,Gateway_Only,2,5,0,5,1,1,5,3,1,1,0
924b790a8121e35ac479b5dd1088cade9465e80789492007dbf0e57a2fee2fca,4,2,0,11,2,0,0,1,1,0,Gateway_Only,4,4,0,1,1,1,0,2,1,1,0
fcc8db44b46b2dc40de51ea4ca842610140ef721937da78570491da1e88a8ff5,1,2,0,6,0,0,0,0,0,1,Gateway_Only,3,5,0,1,1,1,0,3,2,1,0
de52fe50a0dcced9859ffc802effa04d9a53b64e7a82455338a4d839e9dcd957,3,3,3,15,1,0,0,0,1,0,Pod_Home,2,3,1,4,1,1,5,3,1,1,1
4e50103142474e4a857b880f57827cf77ce9bdb641cf351b72cc8639fbb760d7,8,1,0,16,0,0,0,0,0,0,Gateway_Only,4,4,0,3,1,1,5,2,1,1,0
d960232aba6880eee197e253257d378841b72ba346e4dafc1b58c267fff6b986,2,1,0,3,0,0,0,0,0,0,Gateway_Only,2,2,0,2,1,2,5,2,1,1,0
a3fb1493d11b7ecce2f22dbecf4c09cc174251b4f78d868b55f8bd34df920540,1,0,0,0,0,0,0,0,0,0,Gateway_Only,5,4,0,1,1,1,0,2,2,1,0
867d9079393dc9916a954f9853d45083c92e7c140339da628af504cad2742d56,1,0,0,6,0,0,0,0,0,0,Gateway_Only,4,3,0,1,1,1,0,3,1,1,0
d2b61d542328a36188d7bac0f4afc2edf503c140ee06d81d267f7fd9a098f732,3,0,0,3,0,0,0,0,0,0,Gateway_Only,5,5,0,1,1,1,0,3,1,1,0
5f6093b59d0940df3985dd421cb5c71ec4f502ef54c98ed37c3c742cb1382220,1,2,0,3,0,0,0,0,0,0,Gateway_Only,3,4,0,1,1,1,0,3,1,1,0
bf0a500ba61cc8c01240394acc277671676312daae3fed05bb8a56219d02cae6,1,0,1,5,0,0,0,0,0,0,Gateway_Only,4,2,0,1,1,1,0,3,3,1,0
7ca8c5a62070d516ed0290458ca1e5ba71014eb10344b69a94b4b74d8b920e56,0,1,0,5,1,0,0,0,0,0,Gateway_Only,1,3,0,1,1,1,0,3,2,1,0
edcbb99995d5c1cf83b11cdde3377088521295fb84872aebdabf194e3d4f6f5d,1,3,0,12,1,0,0,1,1,0,Gateway_Only,4,3,0,1,1,1,0,3,2,1,0
27eb1223dd2713784f0142bad0209630f3f3b5cda74ace83dedfa783233804ec,5,3,0,12,1,0,0,1,1,0,Gateway_Only,3,4,0,1,1,1,0,3,2,1,0
29755578de895b71a37e884df008b7d8fad1d8fc802dcf993a70a9c0560356c6,4,3,0,4,0,0,0,0,0,0,Gateway_Only,4,4,0,1,1,1,0,4,4,1,0
ae091e15a3a8cfa29d0a526c46f0e3cde7f4cf4dbb1a987264c046520761b606,1,1,0,4,2,0,0,1,1,0,Gateway_Only,3,3,0,3,1,1,5,3,1,1,0
cf1910a8fecee10bf9163f34129d3fc242359ca1c1c252a1fa38d0abb253f150,2,0,0,5,3,0,0,2,0,0,Gateway_Only,1,1,0,1,1,1,0,3,2,1,0
a6aa939e46ae33dcf15c5cceff699ae2fc32cca2bd4ab2822ce9773ecf42c43a,6,1,1,10,6,0,2,2,0,0,Gateway_Only,3,3,0,5,1,1,5,3,2,1,0
f0ce4ae165a3da7375a1821feffb05d322747f7f87f0ef356becaf792a657cdd,1,2,1,8,3,0,0,0,0,0,Gateway_Only,1,3,0,2,1,1,5,3,1,1,0
11096971e4499ad7db90c91315eff4f473ddcf7d077016345d03fd769b43be4d,0,1,1,2,1,0,0,0,0,0,Gateway_Only,1,1,0,1,1,1,0,4,1,1,0
a10533ebcaf7f8ebe34d0ec2d87668155abcfdbbf7e55c6f4492bd73be971da6,0,0,0,4,0,0,0,0,0,0,Gateway_Only,1,5,0,1,1,1,0,0,1,1,0
874724b6b77cc1cba971623aa4e523a7ccf4ecb7f50eec97cbf7eb7de40843b1,3,1,0,2,0,0,0,0,0,0,Pod_Home,5,3,1,1,1,1,0,3,3,1,1
494a000949fdd7a0a852f241a74d96a93342c6594fd037814b2c02fe8ab1407e,3,0,0,8,0,0,0,1,0,0,Gateway_Only,3,5,0,1,1,1,0,3,2,1,0
9a0e9885d7c6e40b097cd69b44078985baf375a65a38fb389c43af01b0abb8b5,0,1,0,2,0,0,0,0,0,0,Gateway_Only,3,5,0,2,1,1,5,2,1,1,0
d28538a18703f82ffe4f80ca676af8dfd67403c35f37a0a0affa3be3e7b6ccdc,1,1,0,12,2,0,0,0,0,1,Gateway_Only,1,1,0,4,1,1,5,3,1,1,0
f717012eb3ce1721b10d13c9b118df83376433416f41bc45ab034e921334e229,2,2,2,3,1,0,0,1,0,0,Gateway_Only,2,3,0,1,1,1,0,3,2,1,0
ed204eabaf316d4786c53115b037027cec3a354f4f5e953ea62f568c41895285,2,5,0,2,0,0,0,2,1,0,Gateway_Only,3,5,0,1,1,1,0,3,1,1,0
55ee4c4d42b0bb822ad5cd38eb8c93ee5684f95ff4d7cc18b70dd9bbf730a8be,3,5,0,7,1,0,1,0,0,0,Gateway_Only,5,5,0,1,1,1,0,3,1,1,0
0594db902a56c3bc9d13c583a94fde5400c1d452637bdcdb4976f0ad71af10d3,3,1,0,4,1,0,0,0,0,0,Gateway_Only,3,2,0,1,1,1,0,3,2,1,0
40289a6a44881bed89af482175ef04ca61710a4a9423851bdbc5c8c8ea85d894,1,0,0,4,2,0,0,0,0,0,Gateway_Only,1,1,0,2,1,1,5,3,2,1,0
baed25368be04f256d38fd2d17d740b99a4d7f2336bf4b437ad298652813f709,4,3,1,4,1,0,0,0,0,0,Gateway_Only,2,4,0,1,1,1,0,3,2,1,0
bbcf28ca0b4001365517d79e033ebe592d6b77627d136fe866dcbc05936dfebf,1,3,0,8,0,0,0,0,2,0,Gateway_Only,3,5,0,1,1,5,0,3,1,1,0
5ab78bfc614a54751bf93d4e8e9ac22719af7ef6bbf95a759837994e6afa1f12,4,1,2,6,0,0,0,2,0,0,Gateway_Only,3,2,0,1,1,1,0,3,2,1,0
b03ce17cc6ce891dc1bac6173da35a498d6b17a8ab812ed62d305512c860d822,1,3,1,7,2,0,0,0,0,0,Gateway_Only,3,3,0,2,1,1,5,3,1,1,0
3330949e55cd9249b62fb2762082bf53840bb93d91e352241524aaab716f0d23,3,4,1,1,2,0,0,2,1,0,Pod_Home,5,5,1,1,1,2,0,3,1,1,1
62a3e43bf39b19f0d747e1fc8dac717dce98792121a4726a8022068f666e0e62,1,1,1,2,0,0,0,0,0,0,Gateway_Only,5,3,0,5,1,1,5,2,1,1,0
c100765dcbc0a54c61307f2023600bb63ffeffc68dd8996d0c8cbe9d979bb20c,3,2,0,5,0,0,0,0,0,0,Gateway_Only,5,3,0,1,1,1,0,2,1,1,0
8345c0c1fce65a9e03a2b249984651c4d6650d0d4722c75ae45bba6779228e06,3,0,0,6,0,0,0,0,0,0,Gateway_Only,5,5,0,2,1,1,5,3,1,1,0
e7e546a44841658f4c073efc18cab7319e881cfeb7259c55c9bbb463e0d2bc62,0,0,0,1,0,0,0,0,0,0,Gateway_Only,5,5,0,1,0,1,0,5,0,1,0
b4a1841ec8c02a57d14359ef5cdeb0269897a30f0565508667981fb10a0b41c1,3,0,0,5,2,0,0,0,0,0,Gateway_Only,4,2,0,2,1,1,5,3,2,1,0
0fef3e98aad267ee16e8596496bb25f196c3de4f027179139dd84d8be8aa8a25,0,4,3,10,0,0,0,0,0,0,Gateway_Only,2,4,1,1,1,1,0,3,1,1,1
6c2f9dce1315ae126fdfe3f5a116a2f1d640e5365a9b7e7d517a0679d829f0ac,2,0,0,1,0,0,0,0,0,0,Gateway_Only,5,5,0,2,1,1,5,2,1,1,0
6d5a28ea56f02099c642d35f51f06bfe5c8d4f4b649d16962fe3563e7b0f8a68,2,1,0,2,0,0,0,0,0,0,Gateway_Only,5,4,0,1,1,1,0,3,1,1,0
081a71718665f03a05c1fe05c635b230cac8d860419c0dbaec6cba8e6641105b,1,1,0,0,0,1,0,0,0,0,Gateway_Only,5,3,0,1,1,1,0,3,2,1,0
29eccab5fc9fa61728a3debd73926240d1255c699cf7b7d57f59749c04c595c6,1,3,2,4,0,0,0,0,0,0,Gateway_Only,2,4,0,1,1,1,0,3,1,1,0
88803eb63324785a8d2443300bfa2f0ec0cd3c0fd3e32640de888d293e3a73ab,0,1,0,14,0,0,0,1,0,0,Gateway_Only,1,2,0,1,1,1,0,4,1,1,0
1e98a3e4adc912b6b8cc645b387adfaeaef79848af6a33f2f7eb2baddc22d03b,2,1,0,1,0,0,0,0,1,0,Gateway_Only,2,4,0,1,1,1,0,3,1,1,0
03cd57310ca27031778efa921753afa8576bfbf11a53d63b21dbc59078baa45e,1,0,0,2,0,0,0,0,0,0,Gateway_Only,5,5,0,2,1,1,5,2,3,1,0
a67a8287c4fb4bd5a0002b94f2e7df88c4f0267d54a091fbf122214f879279bd,2,2,0,4,0,0,0,0,0,0,Gateway_Only,5,4,0,1,1,1,0,2,1,1,0
587710970857cae7c9b4eb8ff89e5bdbe9c7a10e752237195849871e9c3b1619,5,1,0,0,0,1,0,1,0,0,Gateway_Only,4,4,0,1,1,1,0,3,3,1,0
c393758914022f23df88a4fdc08bd305b3cfb1f8a0157170857a0c6981fd200d,1,3,0,2,0,0,0,1,0,0,Gateway_Only,4,5,0,1,1,1,0,2,2,1,0
6e899b5952a5ecd3c682ec438c63cf9767ee590f17a442246f5755f399fc3812,2,3,0,4,0,0,0,1,0,0,Gateway_Only,4,3,0,1,1,1,0,3,1,1,0
747dbd841958ba55d17c3347806f29be62c078b788d65910e87644641b239976,7,0,2,2,1,0,0,0,0,0,Gateway_Only,5,3,0,1,1,1,0,3,3,1,0
23a5fb2f2538f5896f9d78dfc0f4bc108825e61e346b8c99ce831cf26e6e6a3f,1,2,0,6,2,0,0,0,0,0,Gateway_Only,4,3,0,1,1,1,0,3,1,1,0
6461aa0c538877c63e329f84fad6f5e245903d4e5851a407a2389f7150c68c73,1,1,0,2,0,0,0,0,0,0,Pod_Home,5,3,1,1,1,1,0,2,1,1,1
cff69b6c8dbb34711e9a054a60bf28614d7dab4feed27768579645e77fdd907b,4,0,1,5,0,0,0,0,0,0,Gateway_Only,4,5,0,1,1,1,0,3,1,1,0
50722a615e0cec663b2dd56bce4f7a458202a99f55e66f759fe034e836fff0a0,0,2,1,3,0,0,0,0,1,0,Gateway_Only,3,3,0,2,3,1,5,2,3,1,0
fff437dca785dc35b98592ad575b0eb165512bd33941f46e606f2dca98fc8a33,2,2,0,1,0,0,0,1,0,0,Pod_Home,3,5,1,1,1,1,0,2,1,1,1
1ea88ab828d1e9b689e07a3076338677d237fc43b3e6de139634a817216bbde6,2,1,0,5,0,0,0,0,0,0,Gateway_Only,3,2,0,5,1,1,5,3,2,1,0
ea0b6d80605f6aeb3b3f856c135fe195aefafbcaa5b72e5237822a5bcf569f2a,4,0,0,5,3,0,2,0,0,0,Gateway_Only,4,2,0,5,1,1,5,2,1,1,0
0dcf3dcdd14fea9588b99068e3a7b514ea302e82043f14aab50fdc8b076fdb1f,1,1,0,5,1,0,0,1,0,0,Gateway_Only,3,5,0,1,1,1,0,2,3,1,0
a65601822ca6ba1f282c7ab30e5fd488f914254196054113058c72f69c6ebd65,0,1,0,6,2,0,0,2,1,0,Gateway_Only,1,1,0,1,1,1,0,3,1,1,0
771cba4517cf66c0f94180d454f1c3adbfee03801c15c15c16b26fa41772c398,2,0,1,7,0,0,1,0,0,0,Gateway_Only,2,3,0,2,1,1,5,3,1,1,0
ff1025f1c2971851216501d53c8059e77a86e733d251fe6ce3e1dc7788ebda13,2,0,0,8,1,0,0,1,0,0,Gateway_Only,1,1,0,1,1,0,0,3,1,0,0
22d65d0ec9d4a5e1405c2b3aadb34ba2d205c0de711a3f8cd10f957fedf2a081,1,2,0,11,0,0,0,0,0,0,Gateway_Only,3,2,0,1,1,1,0,3,1,1,0
60dd3d298a671498dc2c7baa3354848c7296ba0449a838459317cd80fb2500c5,0,1,0,5,1,0,0,0,0,0,Gateway_Only,2,5,0,1,1,1,0,3,2,1,0
3f2066c145c115ec009d9b50f4cc4ab71ddbdf7381910886c2342d116e607b35,2,1,1,6,2,0,0,0,0,0,Gateway_Only,5,4,0,2,1,1,5,3,2,1,0
a3d9ee3ee439af8151f31563072f9afcdd33a3db027fe2ad89877d31092ed713,2,1,0,1,0,0,0,1,1,0,Gateway_Only,5,5,0,1,1,1,0,2,2,1,0
4f4bd97180df149d9728726f2b358aa538a1469edde917514c7b15c1447f67f8,1,0,1,5,1,0,0,0,0,0,Gateway_Only,4,5,0,2,1,1,5,2,1,1,0
2ae9fae14ea8d4f36c391cc2ec276de1989b838db7bf7fa85a469010d42b288d,1,0,0,2,0,0,0,0,0,0,Gateway_Only,3,2,0,1,1,1,0,3,1,1,0
718061e38ec298fc03ba7687b2da3d65c04dbb1e900081e2ee6c951eb7bf047e,3,2,0,8,2,0,1,1,0,0,Pod_Home,3,2,1,1,1,1,0,2,1,1,1
1801fe374ead1bfd56939368d95dc8ad89b37cc81ac519a084155572f3593988,1,2,1,2,0,0,0,0,2,0,Gateway_Only,1,1,0,2,1,1,5,3,2,1,0
8bf9f49db1ae676cfcc18974c0c8978078c41b8f11644548a2126c7a24b92fa2,4,2,0,5,2,0,0,0,1,0,Gateway_Only,3,3,0,2,1,0,5,4,1,0,0
a9ddc3d85ced4cff759d5da1261ff4573b9fa08deb8045db387e57c70d8da242,0,0,0,3,1,0,0,0,0,0,Gateway_Only,3,2,0,1,1,1,0,2,2,1,0
956228e5f3fa7c518690df8439f39b3e23184a23a5b0a922077641907c342924,3,3,1,1,0,0,0,0,0,0,Gateway_Only,1,1,0,4,1,1,5,4,1,1,0
86c678f0a06cc73279431257286efc442830cd6482bf50db1ae7c91ae0729283,0,0,0,3,0,0,0,0,0,0,Gateway_Only,5,3,0,2,1,1,5,2,1,1,0
71213f975f12989023151aef50b8ed91ecbb5b943c7d50ca74f14b64350ffd21,1,0,0,1,0,0,0,0,0,0,Gateway_Only,4,3,0,1,3,1,0,4,3,1,0
c3fba3c1f9eb1278d002238d342e391797741bd1be4a2bf0942cd157e359cece,4,1,0,2,1,0,0,0,0,0,Gateway_Only,3,2,0,2,1,1,5,4,2,1,0
298ba70f68e89ca1e5cf88083d29f05f4924b211589cbc55677e9d083c66aff9,0,2,0,5,0,0,0,0,0,0,Gateway_Only,1,1,0,1,1,1,0,4,1,1,0
3573ff9cca0574e93026297bc6b3a3e9c8a342b6ff3102f9c2f86ef1a2ae73d2,3,0,0,9,0,0,0,0,1,0,Gateway_Only,1,1,0,1,1,1,0,4,1,1,0
8b9cd92cd4886f73f27afb89aba10c7f1c212b8f302d126bbcc4e07e9732240a,2,1,0,3,1,0,0,0,0,0,Gateway_Only,4,2,0,1,1,1,0,4,2,1,0
3bc92a6cc25d139caedd6cec6bc735d3df1951720d89b278e7397a7281a7368c,3,4,0,7,0,0,0,0,0,0,Gateway_Only,2,2,0,2,1,1,5,3,2,1,0
b625730687ea8f2fd407f9818bc6e3cbbb18a4bfafd767564277ff7a48a3c428,1,0,0,3,0,0,1,1,0,0,Gateway_Only,5,5,0,2,1,1,5,3,1,1,0
9f8b9bf1e2b3a17959dc163cf5f20462b5889ce7ec6a519b3bd5941aa562245a,2,2,0,6,0,0,1,0,0,0,Gateway_Only,2,1,0,2,1,1,5,2,1,1,0
b44f8c541e09343ab1ab1fabf7d3759000a0114263c6461d408967d969efde3d,1,1,0,5,2,0,0,0,1,0,Gateway_Only,3,2,0,3,1,1,5,3,1,1,0
820f74b96b0c2d187bd735ae038a4b13e06f6a9f454a3c831e32813237214ae2,1,1,0,6,1,0,0,0,0,0,Gateway_Only,3,4,0,1,1,1,0,5,2,1,0
a2cf05d51063e611c3c12ba9d8c941651bfa59b0e3763292899dbc8d67e80585,1,1,0,9,1,0,0,0,0,0,Gateway_Only,5,5,0,1,1,1,0,3,1,1,0
f9b76289acc2312c4d1a56b8e2787e1340feae1915230f7d86538768d978774e,3,0,0,5,1,0,0,0,0,0,Gateway_Only,4,3,0,1,1,1,0,4,2,1,0
9e6e22036a1b8e3251c4dba2862433189d156ba6497bb98e7e0c84c9d79a9e9d,5,0,1,7,2,0,0,1,1,0,Gateway_Only,4,3,0,3,1,1,5,3,3,1,0
f752d285015f21d148d43b6db3592fcc947f5fe0dc453ed480666882e5656baa,2,4,0,19,1,2,0,4,0,0,Gateway_Only,1,2,0,2,1,1,5,3,1,1,0
4d77d5897aba674681ec2e9b08e90e2c4173c10e8e0846c3a38141d5a4a09b9a,5,3,0,4,1,0,1,0,1,0,Gateway_Only,3,4,1,5,1,1,5,2,1,1,1
76760cb8cb988f07f4d38f2693a7b62281ac14cee4ffa15d309e3561be1b3437,5,1,1,16,1,0,0,0,0,0,Gateway_Only,5,3,0,1,1,1,0,3,1,1,0
be0742c579a00c9d4b586367ab319d5d67bd07e0bd9c24ce8f35ef14f74c8bf9,2,0,0,3,3,0,0,0,0,0,Gateway_Only,3,3,0,1,2,5,0,2,1,1,0
cfd345141766427435f97b6efeec30820a74aaa6bd6b2fd03f0623867c06dbbc,0,2,0,2,1,0,0,0,0,0,Gateway_Only,3,1,0,1,1,0,0,4,1,0,0
081c239279fad5682a5b76f4ede8bbe47d0f3b3865ba03204ffd88de7817ba82,2,2,1,3,0,0,0,0,0,0,Gateway_Only,3,4,0,2,1,1,5,2,1,1,0
9dffde7533a344c529aa81f1831871e556937110492cc87ca4a111f30f376d88,3,1,0,3,6,0,0,0,0,0,Gateway_Only,1,1,0,4,1,1,5,3,2,1,0
f91e8141b0f5add406a5320c88e2171e56556b8086bb718aff797b8a8ca07b87,2,4,0,5,2,0,0,1,0,0,Gateway_Only,5,3,0,1,1,1,0,3,1,1,0
faef0a83ec6884252091295cf3328d00ddfeba4322aaaeb8e33f096bbc5ace21,3,1,1,5,0,0,0,1,1,0,Gateway_Only,2,2,0,1,1,1,0,3,2,1,0
ca74b890963eea6be045348695f705facdd357e83e911e3c87e8f09193a6914c,2,2,0,5,2,0,0,0,0,0,Gateway_Only,4,5,0,2,1,1,5,2,1,1,0
05546afa7d512e6cee8299dd7b1b7c883d7794bff65e81acc33b410d8cce7eb8,0,1,1,4,1,0,0,0,0,0,Gateway_Only,4,5,0,1,1,1,0,3,1,1,0
0400d6d2a1e7322bccc72042cca7eb2d30d8478a25c32d9a6a9f66fe6b8446e0,2,1,1,1,1,0,0,0,0,0,Gateway_Only,4,4,0,1,1,1,0,2,2,1,0
7b67423ea37168bcbce319595f9f7e3d4a90c5227484c793a547dcb7b43f1542,4,1,0,6,2,0,1,0,0,0,Gateway_Only,2,2,0,5,1,1,5,3,1,1,0
2ceff06698da9c184cf2b67276937892009b1e440e3d71ca78d33d5654965638,2,1,0,6,0,0,0,0,1,0,Gateway_Only,4,4,0,1,1,1,0,3,1,1,0
6ee4fdbbeb862ab09f0e1adebe5fc9dbdc43820f9dce52686106a65c60e5039c,1,0,0,6,0,0,0,0,0,0,Gateway_Only,2,1,0,1,0,1,0,1,0,1,0
3e84ad444fb702b3b428992a9cede374f758afcf23e6271f78966c5896735fe0,4,4,0,13,0,0,0,0,1,0,Gateway_Only,2,3,0,2,1,1,5,2,2,1,0
e7a0f5cc68dde621c873bd0d8cc6ed8a4ebb0b636d471026f333e85f34d0ff9d,4,1,2,3,1,0,0,4,0,0,Gateway_Only,2,1,0,1,1,1,0,3,1,1,0
f8859db5f8379e2bed7f07470100014b2f622efcc2a9ec812b2adec829e030dc,3,1,1,3,0,0,0,0,0,0,Gateway_Only,1,3,0,1,1,1,0,4,3,1,0
1d104e506c2eed3f8f365821393070e2e93300ed695b412c6f260ca484c17f60,3,0,4,11,2,0,1,0,1,0,Gateway_Only,2,1,0,2,1,1,5,3,1,1,0
120e79084321bdf265dd7f3ffd4af2729f5bcc95b1f82690239ef6b09b8e367c,2,0,2,10,2,0,2,0,0,0,Gateway_Only,3,3,0,5,1,1,5,2,1,1,0
0954dfc4d6006ee90a33c42f4bd3ef87fd4fc94db6eaa4605e8fa4046fbf2006,11,0,1,9,0,1,1,0,0,0,Gateway_Only,4,5,0,3,1,1,5,3,2,1,0
1f858373a2f0794aac1f697e50b0af2ed4ce10c4a7b7fa64985d023d1953e962,9,5,0,12,0,1,0,0,0,0,Gateway_Only,4,3,0,1,1,1,0,3,1,1,0
6431d9b122e61e026ae1933e46446d0e7bd04bfcfec17b2cee119b2ee51ffde6,1,1,0,4,3,0,0,0,1,0,Gateway_Only,2,3,0,1,1,1,0,2,1,1,0
bb51ea2417290d2c88e158bc1f440d4e1086a711be7890f7193c34d6cbb76a1f,1,0,0,4,0,1,0,0,0,0,Gateway_Only,5,4,0,1,1,1,0,2,1,1,0
4566c9dd58b78c5386af8d24d0c2473b12dccef8ba08a1f88bd0d60a0b7dff30,7,4,0,5,0,1,1,0,0,0,Gateway_Only,5,5,0,3,1,1,5,3,2,1,0
357a2bc448a78557e100f656d4bd2074a15da03e0b896697086334101c4df1d8,1,0,0,13,1,0,0,1,1,0,Gateway_Only,3,2,0,1,1,1,0,3,1,1,0
1620e371c8947cf57420e21e74b1f38de90f973446d7eb1b151e34461c22efc6,3,0,1,3,0,0,0,0,1,0,Gateway_Only,3,1,0,5,1,1,5,3,1,1,0
b32b28ee6fa4c5f33261add02b080f35c17af1afccce2b120f36dc65bda82e84,3,3,0,5,0,0,0,0,0,0,Gateway_Only,4,4,0,1,1,1,0,3,2,1,0
b85daea74d63f223d2624dad1b6114d7b5e982b29f0b9b1c1dabfd3df0e09803,3,2,0,1,1,0,0,0,0,0,Gateway_Only,3,3,0,3,1,1,5,2,1,1,0
c0f319a6f10ac8b8a7cd139d3e25a9aa015ab62955bf64698dba103c89909345,3,1,2,13,1,0,0,1,0,0,Gateway_Only,3,1,0,1,1,1,0,3,1,1,0
49ec554cefbaf07b8153776c11056a97f91c6511eafc0173c2cdeac6da8f868d,2,3,1,4,0,0,0,0,0,0,Gateway_Only,4,4,0,1,1,1,0,3,1,1,0
577984d15fa59fde1fb8211a0c6612b08b7828f5fb6bc5c9aae8d411cc119f04,5,0,0,4,1,0,1,1,0,0,Gateway_Only,3,4,0,1,1,1,0,3,2,1,0
56d2d0e862fa164ea9649201e07be9af895d067a606e37280cf5f5b5f4c67361,0,1,0,6,3,0,1,0,1,0,Gateway_Only,5,5,0,1,1,4,0,3,2,1,0
3549d7e8272bfc9876e024f5a527554f69bc1cfccb148504492979d53144be80,2,1,0,4,0,0,0,0,0,0,Gateway_Only,1,1,0,1,1,1,0,4,2,1,0
29e3807b33c9856342e1fbe9ac45308c29767bf1b9a7b82c087a017dbdd72b83,3,0,0,7,2,1,1,1,1,0,Gateway_Only,1,2,0,3,1,1,5,4,2,1,0
3c31b094e6c1e146b57a7f0142a42b9d531f9f519d84bda5fde5a05dfc1f6a2f,2,1,0,3,1,0,0,0,0,0,Gateway_Only,3,2,0,3,1,1,5,2,1,1,0
af510ab4b7906013e9747c331aab88ff2f0ea009e08682310b244346db3ad14a,1,0,0,8,0,1,0,0,0,0,Gateway_Only,1,3,0,1,1,1,0,4,1,1,0
acc7f8184020caa517d43bd827f81e01f7b8f35d0fceff25988f7dacc8ee7486,3,1,2,2,0,0,0,0,0,0,Gateway_Only,2,2,0,3,1,1,5,2,1,1,0
ae0d0dccc1865d3675fed4b54583af60b9eb92524e7506a9de54f5282f658921,3,0,2,4,1,0,0,0,0,0,Gateway_Only,2,2,0,1,1,5,0,3,2,1,0
198f023f40367b7ad7e5c499a47ec901d4d0c984fb4560510414721dcbda90fa,1,2,0,3,0,0,0,0,0,0,Gateway_Only,3,3,0,1,1,1,0,2,2,1,0
5058bd86fe0638d160e0a46bf52bcbf0585673d380ebc9b5e0e5113cec727029,2,0,0,9,4,0,0,0,0,0,Gateway_Only,2,1,0,1,1,1,0,3,2,1,0
df09d7e029dab8485a2aa4ba5bbcf8a78b58fb24ff42e313ec8ed5bf252b2f0c,1,1,0,2,0,0,0,0,0,0,Gateway_Only,5,4,0,1,1,1,0,3,2,1,0
24afc5f2c459b20e1268b6d17b25fe480bad555f98512222eda52e671353b232,1,0,1,1,0,0,0,0,1,0,Gateway_Only,1,2,0,1,1,1,0,4,3,1,0
6e1c96040579a0f49c122035c8a025c5d8dba06b774128a0bfbcc9d18d373673,1,1,0,5,1,0,0,0,0,0,Gateway_Only,4,4,0,1,1,2,0,2,1,1,0
f24d748523c8af38b3eced53c56316d4a2c2cbe03ac220a439a46371ff2f1414,0,2,0,1,0,0,0,0,0,0,Gateway_Only,3,1,0,1,1,1,0,2,1,1,0
d03821e0280d5b2c91b27cd26675b141341f25e01aef33fbb59ee9a996bc48a6,1,1,0,0,0,0,0,0,0,0,Gateway_Only,5,5,0,2,1,0,5,5,3,0,0
d502cee41a0aaceb2a15034ad781f8eb71757ab062f4114641af50df54945c11,1,1,0,8,1,0,0,0,0,0,Gateway_Only,4,5,0,5,1,1,5,2,1,1,0
f77d5559ca0595414e73870ce7659fbe5e777e5842113e4b02e4c033df1a875c,1,1,0,7,3,0,0,0,1,0,Gateway_Only,4,3,0,1,1,1,0,4,1,1,0
07693356783b8c7c3d03d576de70522b0ec0fe134e652f0a36903533c91f4b03,1,0,0,4,0,0,0,0,0,0,Gateway_Only,1,1,0,5,1,1,5,2,1,1,0
f64bed3db2c140491b7480df6b2d69bb46582941f02a02791ec8e8deb6e74954,1,1,0,2,0,0,0,0,0,0,Gateway_Only,1,1,0,3,1,1,5,3,2,1,0
96b12710ab6a947608fd8fe1f4bda13e02d21bfff935924c7b2b0e4b870c51e5,2,2,4,11,3,0,0,0,0,0,Pod_Home,1,4,1,2,1,1,5,3,2,1,1
